seo,対策,bing
seo,対策,blogger
seo,対策,cocoon
seo,対策,ebay
seo,対策,google検索
seo,対策,jimdo
seo,対策,jin
seo,対策,lp
seo,対策,note
seo,対策,react
seo,対策,meo
seo,対策,2019
seo,対策,2020
seo,対策,ai
seo,対策,amazon
seo,対策,base
seo,対策,ecサイト
seo,対策,google
seo,対策,google登録
seo,対策,hp
seo,対策,html
seo,対策,meta
seo,対策,title
seo,対策,web
seo,対策,wix
seo,対策,wordpress
seo,対策,yahoo
seo,対策,youtube
seo,対策,いらない
seo,対策,おすすめ本
seo,対策,とは
seo,対策,はてな
seo,対策,まとめ
seo,対策,やり方
seo,対策,アクセス数
seo,対策,アフィリエイト
seo,対策,インスタ
seo,対策,キーワード
seo,対策,キーワード検索
seo,対策,キーワード設定
seo,対策,クーリングオフ
seo,対策,グーグル
seo,対策,コンサル
seo,対策,コンテンツ
seo,対策,コーディング
seo,対策,コード
seo,対策,サイト
seo,対策,セミナー
seo,対策,ソフト
seo,対策,タイトル
seo,対策,タグ
seo,対策,チェックリスト
seo,対策,ツール
seo,対策,ドメイン
seo,対策,ブログ
seo,対策,プラグイン
seo,対策,ページタイトル
seo,対策,ホームページ
seo,対策,マナブログ
seo,対策,メリット
seo,対策,ライティング
seo,対策,ランキング
seo,対策,リダイレクト
seo,対策,リンク
seo,対策,ワード
seo,対策,ワードプレス
seo,対策,一覧
seo,対策,不動産
seo,対策,代行
seo,対策,企業
seo,対策,会社
seo,対策,会社ランキング
seo,対策,会社大手
seo,対策,会社東京
seo,対策,会社選び方
seo,対策,例
seo,対策,依頼
seo,対策,価格
seo,対策,個人
seo,対策,値段
seo,対策,入門
seo,対策,具体的
seo,対策,内部
seo,対策,初心者
seo,対策,効果
seo,対策,勉強
seo,対策,動画
seo,対策,単語
seo,対策,反映
seo,対策,古い
seo,対策,基本
seo,対策,基礎
seo,対策,外部リンク
seo,対策,大阪
seo,対策,学ぶ
seo,対策,安い
seo,対策,必要
seo,対策,意味
seo,対策,手法
seo,対策,文字数
seo,対策,文章
seo,対策,料金
seo,対策,方法
seo,対策,更新頻度
seo,対策,書籍
seo,対策,最低限
seo,対策,最新
seo,対策,有料
seo,対策,本
seo,対策,格安
seo,対策,検索ワード
seo,対策,業者
seo,対策,楽天
seo,対策,注意点
seo,対策,無意味
seo,対策,無料
seo,対策,無料ツール
seo,対策,無駄
seo,対策,独学
seo,対策,画像
seo,対策,相場
seo,対策,種類
seo,対策,簡単
seo,対策,自分
seo,対策,自分で
seo,対策,自分で出来る
seo,対策,自社
seo,対策,英語
seo,対策,被リンク
seo,対策,見出し
seo,対策,解約
seo,対策,記事
seo,対策,詐欺
seo,対策,調査
seo,対策,講座
seo,対策,費用
seo,対策,費用コンサル
seo,対策,vue
seo,対策,wordpress初心者
seo,対策,yahooショッピング
seo,対策,はてなブログ
seo,対策,アメブロタグ
seo,対策,ジオコード
seo,対策,ネット
seo,対策,ペライチ
seo,対策,写真
seo,対策,検索
seo,対策,海外
